<?xml version="1.0" encoding="utf-8" ?><dwsync><file name="header-01.jpg" server="ftp.verolife.com.br/public_html/" local="3543598417" remote="318763443936495072" Dst="-1" /><file name="icone-01.jpg" server="ftp.verolife.com.br/public_html/" local="3543071266" remote="318763443935972352" Dst="-1" /><file name="ico-telefone-footer.jpg" server="ftp.verolife.com.br/public_html/" local="3543071701" remote="318763443935972352" Dst="-1" /><file name="icone-02.jpg" server="ftp.verolife.com.br/public_html/" local="3543071282" remote="318763443935972352" Dst="-1" /><file name="ico-telefone-footer.png" server="ftp.verolife.com.br/public_html/" local="3543071804" remote="318763443935972352" Dst="-1" /><file name="icone-03.jpg" server="ftp.verolife.com.br/public_html/" local="3543071298" remote="318763443935972352" Dst="-1" /><file name="icone-04.jpg" server="ftp.verolife.com.br/public_html/" local="3543071315" remote="318763443935972352" Dst="-1" /><file name="icone-05.jpg" server="ftp.verolife.com.br/public_html/" local="3543071332" remote="318763443935972352" Dst="-1" /><file name="icone-06.jpg" server="ftp.verolife.com.br/public_html/" local="3543450093" remote="318763443936348072" Dst="-1" /><file name="icone-08.jpg" server="ftp.verolife.com.br/public_html/" local="3543450186" remote="318763443936348072" Dst="-1" /><file name="icone-07.jpg" server="ftp.verolife.com.br/public_html/" local="3543450138" remote="318763443936348072" Dst="-1" /></dwsync>